https://www.volvocars.com/in/discover-volvo/human-innovation/future-of-driving/propulsion,https://www.volvocars.com/in/Why-Volvo/Human-Innovation/Electrification
https://www.volvocars.com/in/discover-volvo/human-innovation/future-of-driving/propulsion/combustion-engines,https://www.volvocars.com/in/Why-Volvo/Human-Innovation/Electrification
https://www.volvocars.com/in/discover-volvo/human-innovation/future-of-driving/propulsion/electric-cars,https://www.volvocars.com/in/Why-Volvo/Human-Innovation/Electrification/Pure-electric
https://www.volvocars.com/in/discover-volvo/human-innovation/future-of-driving/propulsion/mild-hybrids,https://www.volvocars.com/in/Why-Volvo/Human-Innovation/Electrification/Mild-hybrids
https://www.volvocars.com/in/discover-volvo/human-innovation/future-of-driving/propulsion/plug-in-hybrids,https://www.volvocars.com/in/Why-Volvo/Human-Innovation/Electrification/Plug-in-hybrids
https://www.volvocars.com/in/discover-volvo/human-innovation/future-of-driving/safety/cars-safe-for-all/selfie-for-safety,https://www.volvocars.com/in/Why-Volvo/Human-Innovation/Future-of-driving/Safety
https://www.volvocars.com/in/discover-volvo/human-innovation/future-of-driving/safety/intellisafe-assist,https://www.volvocars.com/in/Why-Volvo/Human-Innovation/Future-of-driving/Safety
https://www.volvocars.com/in/discover-volvo/human-innovation/future-of-driving/safety/intellisafe-standard,https://www.volvocars.com/in/Why-Volvo/Human-Innovation/Future-of-driving/Safety
https://www.volvocars.com/in/discover-volvo/human-innovation/future-of-driving/safety/intellisafe-surround,https://www.volvocars.com/in/Why-Volvo/Human-Innovation/Future-of-driving/Safety
https://www.volvocars.com/in/discover-volvo/human-innovation/propulsion,https://www.volvocars.com/in/Why-Volvo/Human-Innovation/Electrification
https://www.volvocars.com/in/discover-volvo/our-company/heritage/innovations,https://www.volvocars.com/in/Why-Volvo/Human-Innovation/Future-of-driving/Safety/Safety-heritage
https://www.volvocars.com/in/eva,https://www.volvocars.com/in/why-volvo/human-innovation/future-of-driving/safety/cars-safe-for-all
https://www.volvocars.com/in/cars/new-models/all-new-s90,https://www.volvocars.com/in/cars/new-models/s90
https://www.volvocars.com/in/cars/new-models/cross-country,https://www.volvocars.com/<market>/v/<ns>/wagon
https://www.volvocars.com/in/cars/new-models/s60,https://www.volvocars.com/<market>/v/<ns>/s60
https://www.volvocars.com/in/cars/new-models/s90,https://www.volvocars.com/<market>/v/<ns>/s90
https://www.volvocars.com/in/cars/new-models/sedan,https://www.volvocars.com/<market>/v/<ns>/sedan
https://www.volvocars.com/in/cars/new-models/suv,https://www.volvocars.com/<market>/v/<ns>/suv
https://www.volvocars.com/in/cars/new-models/the-new-xc60,https://www.volvocars.com/in/cars/new-models/xc60
https://www.volvocars.com/in/cars/new-models/v90-cross-country,https://www.volvocars.com/
https://www.volvocars.com/in/cars/new-models/xc40,https://www.volvocars.com/<market>/v/<ns>/xc40
https://www.volvocars.com/in/cars/new-models/xc60,https://www.volvocars.com/<market>/v/<ns>/xc60
https://www.volvocars.com/in/cars/new-models/xc90,https://www.volvocars.com/<market>/v/<ns>/xc90
https://www.volvocars.com/in/cars/new-models/xc90-excellence,https://www.volvocars.com/<market>/v/<ns>/xc90-hybrid
